year,Coal Consumed by the Residential Sector,Natural Gas Consumed by the Residential Sector,Petroleum Consumed by the Residential Sector,Total Fossil Fuels Consumed by the Residential Sector,Geothermal Energy Consumed by the Residential Sector,Solar Energy Consumed by the Residential Sector,Biomass Energy Consumed by the Residential Sector,Total Renewable Energy Consumed by the Residential Sector,Total Primary Energy Consumed by the Residential Sector,Electricity Retail Sales to the Residential Sector,Residential Sector Electrical System Energy Losses,Total Energy Consumed by the Residential Sector,Coal Consumed by the Commercial Sector,Natural Gas Consumed by the Commercial Sector,Petroleum Consumed by the Commercial Sector,Total Fossil Fuels Consumed by the Commercial Sector,Conventional Hydroelectric Power Consumed by the Commercial Sector,Geothermal Energy Consumed by the Commercial Sector,Solar Energy Consumed by the Commercial Sector,Wind Energy Consumed by the Commercial Sector,Biomass Energy Consumed by the Commercial Sector,Total Renewable Energy Consumed by the Commercial Sector,Total Primary Energy Consumed by the Commercial Sector,Electricity Retail Sales to the Commercial Sector,Commercial Sector Electrical System Energy Losses,Total Energy Consumed by the Commercial Sector,Coal Consumed by the Industrial Sector,Natural Gas Consumed by the Industrial Sector,Petroleum Consumed by the Industrial Sector,Total Fossil Fuels Consumed by the Industrial Sector,Conventional Hydroelectric Power Consumed by the Industrial Sector,Geothermal Energy Consumed by the Industrial Sector,Solar Energy Consumed by the Industrial Sector,Wind Energy Consumed by the Industrial Sector,Biomass Energy Consumed by the Industrial Sector,Total Renewable Energy Consumed by the Industrial Sector,Total Primary Energy Consumed by the Industrial Sector,Electricity Retail Sales to the Industrial Sector,Industrial Sector Electrical System Energy Losses,Total Energy Consumed by the Industrial Sector,Coal Consumed by the Transportation Sector,Natural Gas Consumed by the Transportation Sector,Petroleum Consumed by the Transportation Sector,Total Fossil Fuels Consumed by the Transportation Sector,Biomass Energy Consumed by the Transportation Sector,Total Primary Energy Consumed by the Transportation Sector,Electricity Retail Sales to the Transportation Sector,Transportation Sector Electrical System Energy Losses,Total Energy Consumed by the Transportation Sector,Coal Consumed by the Electric Power Sector,Natural Gas Consumed by the Electric Power Sector,Petroleum Consumed by the Electric Power Sector,Total Fossil Fuels Consumed by the Electric Power Sector,Nuclear Electric Power Consumed by the Electric Power Sector,Conventional Hydroelectric Power Consumed by the Electric Power Sector,Geothermal Energy Consumed by the Electric Power Sector,Solar Energy Consumed by the Electric Power Sector,Wind Energy Consumed by the Electric Power Sector,Biomass Energy Consumed by the Electric Power Sector,Total Renewable Energy Consumed by the Electric Power Sector,Electric Power Sector Electricity Net Imports,Total Primary Energy Consumed by the Electric Power Sector
1949,1271.551,1027.283,1106.568,3405.402,,,1055.186,1055.186,4460.588,227.894,910.922,5599.404,1554.118,359.992,734.814,2648.923,,,,,19.986,19.986,2668.909,200.104,799.843,3668.856,5433.101,3188.492,3460.717,12075.639,75.537,,,,468.287,543.824,12619.463,418.28,1671.92,14709.664,1727.246,,6152.265,7879.511,,7879.511,22.114,88.392,7990.017,1995.055,569.375,414.632,2979.062,0,1349.185,,,,5.803,1354.988,5.42,4339.47
1950,1261.267,1240.312,1322.42,3823.999,,,1005.529,1005.529,4829.528,246.348,912.869,5988.744,1541.548,401.412,872.108,2815.069,,,,,19.075,19.075,2834.144,225.094,834.11,3893.348,5781.23,3545.775,3942.551,13270.548,69.396,,,,532.237,601.633,13872.181,499.785,1852.011,16223.978,1563.933,129.94,6689.537,8383.41,,8383.41,23.178,85.888,8492.476,2199.111,650.931,471.666,3321.708,0,1346.015,,,,5.466,1351.481,6.094,4679.283
1951,1158.679,1526.34,1461.449,4146.468,,,958.212,958.212,5104.68,283.513,992.204,6380.397,1306.595,480.56,932.385,2719.54,,,,,18.198,18.198,2737.738,252.36,883.181,3873.28,6202.033,4051.75,4258.378,14490.709,63.097,,,,552.928,616.025,15106.734,566.965,1984.198,17657.898,1378.693,199.233,7355.565,8933.492,,8933.492,24.093,84.316,9041.9,2506.808,790.635,399.898,3697.34,0,1360.698,,,,5.331,1366.029,7.461,5070.83
1952,1079.206,1678.735,1501.301,4259.242,,,899.164,899.164,5158.406,319.175,1082.875,6560.456,1169.14,533.717,952.996,2655.854,,,,,17.114,17.114,2672.968,273.287,927.188,3873.442,5516.614,4180.739,4350.829,14036.303,61.538,,,,551.656,613.194,14649.497,600.947,2038.851,17289.295,984.04,214.459,7708.402,8906.901,,8906.901,21.823,74.038,9002.762,2557.397,941.971,420.367,3919.734,0,1404.274,,,,6.435,1410.709,7.74,5338.183
1953,965.664,1744.496,1510.642,4220.802,,,831.947,831.947,5052.749,355.347,1150.886,6558.982,965.664,549.223,981.813,2496.7,,,,,15.738,15.738,2512.438,296.928,961.679,3771.044,5931.042,4304.08,4466.504,14692.624,56.506,,,,565.897,622.403,15315.027,677.685,2194.864,18187.575,732.992,238.375,8058.702,9030.068,,9030.068,21.932,71.034,9123.035,2777.361,1070.472,514.299,4362.131,0,1356.353,,,,5.019,1361.372,6.852,5730.355
1954,858.255,1960.547,1644.005,4462.807,,,799.748,799.748,5262.555,396.571,1187.18,6846.306,824.598,605.43,1012.443,2442.472,,,,,15.17,15.17,2457.642,319.346,955.998,3732.985,4729.559,4319.248,4617.002,13659.063,55.678,,,,576.2,631.878,14290.941,711.282,2129.303,17131.525,461.404,238.687,8122.475,8822.565,,8822.565,20.048,60.017,8902.631,2840.759,1206.291,417.409,4464.458,0,1304.094,,,,3.209,1307.303,7.983,5779.745
1955,867.431,2198.29,1767.285,4833.007,,,775.066,775.066,5608.073,438.103,1232.073,7278.249,800.706,651.242,1094.67,2546.618,,,,,14.706,14.706,2561.324,349.891,983.997,3895.212,5619.559,4700.929,5093.213,15403.656,38.149,,,,631.137,669.286,16072.942,887.033,2494.595,19454.57,421.262,253.83,8799.353,9474.444,,9474.444,19.877,55.901,9550.223,3458.271,1193.644,470.747,5122.663,0,1321.695,,,,3.234,1324.929,13.879,6461.471
1956,838.91,2409.029,1853.019,5100.958,,,738.706,738.706,5839.664,489.542,1333.8,7663.006,714.627,741.961,1136.324,2592.912,,,,,14.018,14.018,2606.93,380.177,1035.828,4022.935,5666.866,4873.967,5316.727,15844.54,36.751,,,,661.409,698.16,16542.7,975.653,2658.253,20176.606,339.821,306.331,9144.19,9790.341,,9790.341,18.537,50.506,9859.385,3789.674,1282.687,454.719,5527.079,0,1397.96,,,,1.738,1399.698,15.519,6942.296
1957,653.734,2587.778,1800.865,5042.377,,,701.812,701.812,5744.189,534.74,1433.36,7712.289,534.873,803.073,1098.091,2436.037,,,,,13.33,13.33,2449.367,410.679,1100.817,3960.863,5535.641,5107.288,5215.308,15840.778,35.521,,,,616.431,651.952,16492.73,1003.093,2688.771,20184.594,241.264,309.708,9285.743,9836.715,,9836.715,16.187,43.388,9896.29,3855.246,1382.906,498.383,5736.534,0.112,1480.092,,,,2.008,1482.1,12.288,7231.035
1958,663.496,2809.25,1964.488,5437.234,,,688.447,688.447,6125.681,578.308,1496.996,8200.985,500.532,902.286,1141.379,2544.197,,,,,13.089,13.089,2557.286,435.256,1126.695,4119.237,4532.752,5207.612,5385.888,15119.531,37.162,,,,619.647,656.809,15776.34,977.708,2530.878,19284.926,115.156,323.149,9513.722,9952.027,,9952.027,14.517,37.579,10004.123,3721.34,1420.903,485.713,5627.956,1.915,1554.805,,,,1.94,1556.745,11.32,7197.936
1959,573.321,3014.542,1953.891,5541.754,,,646.926,646.926,6188.68,629.664,1593.891,8412.235,415.164,1009.236,1212.793,2637.192,,,,,12.298,12.298,2649.49,487.86,1234.936,4372.286,4412.743,5646.563,5713.001,15763.949,37.003,,,,691.973,728.976,16492.925,1075.239,2721.789,20289.953,87.83,361.575,9848.233,10297.638,,10297.638,14.418,36.498,10348.554,4029.357,1685.507,551.978,6266.842,2.187,1511.462,,,,1.677,1513.139,12.127,7794.295
1960,585.284,3211.778,2227.541,6024.603,,,626.63,626.63,6651.233,687.393,1701.19,9039.816,406.723,1055.93,1248.149,2710.801,,,,,11.868,11.868,2722.669,542.999,1343.837,4609.504,4543.268,5973.307,5719.657,16230.602,38.808,,,,679.864,718.672,16949.274,1106.859,2739.304,20795.437,74.959,359.223,10125.439,10559.621,,10559.621,10.46,25.887,10595.968,4227.551,1785.129,552.715,6565.395,6.026,1569.167,0.359,,,1.508,1571.034,15.474,8157.929
1961,533.611,3362.278,2293.263,6189.153,,,586.864,586.864,6776.017,731.686,1778.728,9286.431,370.815,1114.539,1268.594,2753.948,,,,,11.146,11.146,2765.094,572.042,1390.635,4727.771,4345.141,6169.756,5726.194,16233.205,35.836,,,,695.413,731.249,16964.454,1149.25,2793.827,20907.531,18.927,390.823,10324.009,10733.759,,10733.759,10.316,25.078,10769.153,4354.953,1888.996,557.278,6801.227,19.678,1620.627,1.001,,,1.339,1622.967,7.689,8451.561
1962,520.794,3600.313,2398.966,6520.072,,,560.084,560.084,7080.156,794.32,1908.389,9782.865,361.908,1248.901,1302.551,2913.36,,,,,10.63,10.63,2923.99,620.863,1491.65,5036.503,4384.545,6450.96,5964.327,16794.326,35.99,,,,728.179,764.169,17558.495,1227.821,2949.893,21736.21,16.874,395.883,10772.162,11184.919,,11184.919,10.167,24.426,11219.511,4622.376,2034.783,559.585,7216.744,26.394,1780.151,1.061,,,1.349,1782.561,1.829,9027.528
1963,438.442,3700.281,2414.599,6553.322,,,536.967,536.967,7090.289,855.568,2043.099,9988.955,317.492,1307.084,1286.562,2911.139,,,,,10.165,10.165,2921.304,687.563,1641.903,5250.77,4589.849,6748.069,6192.674,17523.202,33.914,,,,774.843,808.757,18331.959,1287.79,3075.246,22694.994,16.421,436.92,11166.719,11620.061,,11620.061,9.955,23.772,11653.787,5050.213,2210.952,584.707,7845.871,38.147,1737.441,1.76,,,1.341,1740.542,0.334,9624.895
1964,378.72,3908.485,2325.972,6613.177,,,499.058,499.058,7112.235,927.525,2201.298,10241.058,274.245,1418.708,1274.924,2967.878,,,,,9.46,9.46,2977.338,737.79,1750.999,5466.127,4914.603,7113.92,6510.75,18528.832,33.772,,,,826.735,860.507,19389.339,1382.027,3279.969,24051.335,17.403,449.508,11496.364,11963.275,,11963.275,10.011,23.758,11997.044,5379.553,2397.228,633.882,8410.663,39.819,1852.542,2.132,,,1.549,1856.223,6.671,10313.377
1965,351.657,4027.692,2432.426,6811.775,,,468.15,468.15,7279.925,992.935,2367.029,10639.89,265.285,1489.845,1413.038,3168.168,,,,,8.858,8.858,3177.026,788.603,1879.927,5845.556,5126.507,7339.214,6750.202,19197.471,32.757,,,,854.943,887.7,20085.171,1462.817,3487.168,25035.156,15.972,516.541,11866.235,12398.748,,12398.748,9.974,23.776,12432.497,5821.061,2395.376,722.002,8938.439,43.164,2026.32,1.978,,,2.81,2031.108,-0.482,11012.229
1966,348.79,4274.822,2422.336,7045.948,,,454.974,454.974,7500.922,1081.223,2587.021,11169.166,263.123,1676.29,1461.054,3400.467,,,,,8.617,8.617,3409.084,859.233,2055.87,6324.187,5214.973,7795.123,7068.942,20054.09,33.138,,,,901.916,935.054,20989.144,1581.815,3784.776,26355.735,14.754,553.02,12499.796,13067.569,,13067.569,9.642,23.07,13100.282,6301.644,2696.077,883.23,9880.951,64.158,2028.381,1.958,,,3.478,2033.817,3.725,11982.651
1967,298.819,4451.33,2527.832,7277.98,,,433.973,433.973,7711.953,1160.469,2767.446,11639.868,225.425,2021.657,1512.437,3759.519,,,,,8.325,8.325,3767.844,925.178,2206.334,6899.356,4933.631,8043.389,7110.31,20072.003,35.787,,,,894.658,930.445,21002.448,1654.872,3946.482,26603.802,11.227,594.176,13112.842,13718.245,,13718.245,10.01,23.872,13752.127,6444.982,2834.236,1010.541,10289.758,88.456,2310.877,3.3,,,3.293,2317.47,-1.02,12694.663
1968,264.33,4588.315,2655.227,7507.872,,,425.511,425.511,7933.383,1301.916,3101.629,12336.928,207.688,2140.084,1543.714,3891.486,,,,,8.136,8.136,3899.622,1013.959,2415.612,7329.194,4854.763,8626.478,7374.05,20837.98,35.172,,,,981.948,1017.12,21855.1,1778.105,4236.081,27869.286,10.014,609.285,14211.983,14831.282,,14831.282,10.215,24.335,14865.832,6993.639,3245.494,1181.45,11420.583,141.534,2313.457,4.532,,,3.9,2321.889,-2.152,13881.853
1969,248.107,4874.858,2705.504,7828.469,,,415.053,415.053,8243.522,1456.024,3470.335,13169.881,194.941,2323.055,1559.611,4077.608,,,,,7.86,7.86,4085.468,1107.733,2640.207,7833.408,4712.038,9233.79,7670.797,21580.515,34.22,,,,1014.232,1048.452,22628.967,1908.623,4549.075,29086.665,7.426,650.522,14813.361,15471.308,,15471.308,10.42,24.836,15506.565,7219.295,3595.759,1571.294,12386.348,153.722,2613.763,6.422,,,3.342,2623.527,3.656,15167.253
1970,209.38,4987.392,2725.57,7922.343,,,400.777,400.777,8323.12,1590.983,3852.369,13766.472,164.513,2472.864,1591.94,4229.316,,,,,7.534,7.534,4236.85,1201.163,2908.466,8346.479,4656.202,9536.15,7753.804,21888.496,34.04,,,,1018.911,1052.951,22941.447,1947.755,4716.246,29605.448,6.849,744.553,15310.546,16061.948,,16061.948,10.627,25.731,16098.307,7227.462,4053.747,2117.337,13398.545,239.347,2599.507,5.511,,,3.74,2608.759,6.688,16253.34
1971,171.986,5125.812,2748.504,8046.302,,,381.874,381.874,8428.176,1704.403,4114.346,14246.925,179.005,2586.755,1550.989,4316.75,,,,,7.19,7.19,4323.94,1288.009,3109.191,8721.141,3943.9,9891.596,7820.133,21622.522,33.746,,,,1039.998,1073.744,22696.266,2011.197,4854.93,29562.393,4.693,765.612,15924.097,16694.402,,16694.402,10.462,25.256,16730.12,7299.131,4099.275,2494.999,13893.405,412.939,2790.405,5.739,,,3.261,2799.405,12.046,17117.795
1972,115.782,5264.384,2868.221,8248.386,,,379.776,379.776,8628.162,1837.735,4391.932,14857.828,153.479,2678.398,1573.095,4404.971,,,,,7.19,7.19,4412.161,1407.566,3363.889,9183.616,3993.412,9884.277,8488.81,22340.534,34.42,,,,1112.668,1147.088,23487.622,2187.017,5226.668,30901.306,3.676,786.842,16891.686,17682.204,,17682.204,10.371,24.785,17717.36,7810.652,4084.289,3097.087,14992.028,583.752,2829.445,15.079,,,3.431,2847.955,26.227,18449.961
1973,93.911,4976.975,2801.069,7871.955,,,354.096,354.096,8226.051,1976.337,4695.706,14898.094,159.902,2648.978,1607.397,4416.276,,,,,6.708,6.708,4422.984,1516.653,3603.511,9543.148,4056.731,10388.282,9050.815,23488.364,34.773,,,,1164.853,1199.626,24687.99,2340.923,5561.947,32590.859,2.62,742.741,17831.928,18577.289,,18577.289,10.532,25.024,18612.844,8658.401,3748.016,3514.815,15921.233,910.177,2826.675,20.422,,,3.411,2850.507,48.715,19730.632
1974,82.126,4900.995,2554.524,7537.644,,,370.952,370.952,7908.596,1972.763,4773.663,14655.022,174.517,2616.952,1460.772,4252.241,,,,,7.018,7.018,4259.259,1501.334,3632.906,9393.499,3870.195,10003.628,8639.689,22569.609,33.202,,,,1159.074,1192.276,23761.885,2336.794,5654.54,31753.219,1.794,684.843,17400.597,18087.234,,18087.234,9.721,23.524,18120.479,8534.031,3519.184,3365.031,15418.245,1272.083,3143.378,25.61,,,2.618,3171.606,43.311,19905.245
1975,62.843,5022.606,2479.439,7564.888,,,425.408,425.408,7990.296,2006.735,4817.036,14814.067,146.633,2558.459,1346.198,4051.29,,,,,8.067,8.067,4059.357,1597.826,3835.477,9492.66,3666.883,8531.835,8092.081,20304.34,32.321,,,,1063.27,1095.591,21399.931,2346.363,5632.29,29378.584,0.538,594.622,17615.388,18210.549,,18210.549,10.149,24.362,18245.059,8785.839,3239.769,3165.675,15191.283,1899.798,3122.285,33.78,,,1.989,3158.054,21.103,20270.238
1976,58.885,5147.336,2703.974,7910.195,,,481.634,481.634,8391.829,2069.215,4949.91,15410.953,144.168,2718.427,1499.952,4362.547,,,,,9.099,9.099,4371.646,1677.943,4013.922,10063.511,3660.519,8761.571,8953.201,21375.192,33.372,,,,1219.876,1253.248,22628.44,2572.883,6154.769,31356.092,0.27,558.741,18507.725,19066.737,,19066.737,10.059,24.063,19100.859,9720.234,3151.728,3477.133,16349.095,2111.121,2942.893,37.513,,,2.764,2983.17,29.378,21472.764
1977,57.461,4913.093,2681.96,7652.514,,,541.783,541.783,8194.297,2201.555,5266.539,15662.391,147.756,2548.308,1551.978,4248.042,,,,,10.286,10.286,4258.328,1753.866,4195.58,10207.775,3454.372,8635.448,9704.791,21809.193,32.601,,,,1281.245,1313.846,23123.039,2681.959,6415.755,32220.752,0.201,542.79,19243.289,19786.28,,19786.28,10.429,24.947,19821.655,10262.025,3283.745,3900.624,17446.394,2701.762,2300.652,37.382,,,5.018,2343.051,59.422,22550.63
1978,49.145,4981.454,2608.152,7638.751,,,621.849,621.849,8260.6,2301.278,5571.066,16132.944,164.529,2642.724,1490.025,4297.278,,,,,11.834,11.834,4309.112,1813.27,4389.669,10512.051,3313.502,8539.025,9790.185,21767.438,31.563,,,,1400.424,1431.987,23199.425,2760.574,6682.956,32642.955,0,538.938,20043.893,20582.832,,20582.832,10.027,24.275,20617.134,10238.271,3296.767,3986.863,17521.902,3024.126,2905.42,30.851,,,3.498,2939.769,67.318,23553.115
1979,37.313,5054.742,2099.222,7191.277,,,728.076,728.076,7919.353,2329.778,5564.036,15813.167,149.253,2836.108,1366.795,4352.156,,,,,13.812,13.812,4365.968,1854.121,4428.059,10648.148,3592.916,8549.111,10500.596,22705.468,34.094,,,,1404.862,1438.956,24144.424,2872.573,6860.351,33877.348,0,611.781,19825.499,20437.281,,20437.281,10.117,24.162,20471.56,11259.923,3612.691,3283.366,18155.98,2775.827,2896.591,40.262,,,5.156,2942.01,69.381,23943.198
1980,30.544,4824.836,1734.431,6589.811,,,850,850,7439.811,2448.093,5865.882,15753.786,114.903,2650.868,1318.328,4084.099,,,,,21,21,4105.099,1906.089,4567.185,10578.373,3155.014,8332.531,9463.377,20915.893,32.838,,,,1600,1632.838,22548.731,2781.009,6663.582,31993.321,0,649.853,19009.268,19659.121,,19659.121,11.069,26.523,19696.713,12122.684,3778.114,2633.561,18534.359,2739.169,2867.306,52.699,,,4.5,2924.505,71.399,24269.431
1981,30.02,4614.199,1531.454,6175.674,,,870,870,7045.674,2464.368,5751.892,15261.934,136.759,2557.34,1121.989,3816.088,,,,,21.05,21.05,3837.137,2033.239,4745.627,10616.004,3156.925,8184.541,8215.802,19541.319,33.043,,,,1694.665,1727.708,21269.027,2817.437,6575.961,30662.425,0,658.383,18812.708,19471.091,6.723,19477.815,10.871,25.372,19514.058,12583.461,3730.441,2201.663,18515.565,3007.589,2724.925,59.437,,,3.845,2788.207,113.406,24424.767
1982,31.791,4711.251,1433.921,6176.964,,,970,970,7146.964,2489.121,5895.229,15531.314,155.216,2649.51,1037.263,3841.989,,,,,22.13,22.13,3864.119,2077.048,4919.275,10860.442,2551.983,7067.856,7718.381,17316.564,33.046,,,,1649.682,1682.729,18999.293,2541.766,6019.913,27560.972,0,611.918,18422.011,19033.928,18.285,19052.213,11.002,26.057,19089.272,12582.15,3311.941,1567.653,17461.744,3131.148,3232.512,50.627,,,3.355,3286.494,100.026,23979.412
1983,30.785,4477.633,1353.854,5862.271,,,970,970,6832.271,2562.235,6030.963,15425.469,161.619,2486.43,1170.094,3818.142,,,,,22.276,22.276,3840.419,2116.437,4981.646,10938.501,2489.563,6776.273,7334.211,16584.41,33.255,,,,1874.435,1907.69,18492.1,2647.71,6232.151,27371.96,0,505.233,18595.203,19100.436,33.72,19134.156,12.675,29.835,19176.667,13212.591,2972.356,1543.683,17728.63,3202.549,3494.005,63.91,,0.028,3.983,3561.926,120.547,24613.652
1984,39.627,4660.558,1531.079,6231.264,,,980,980,7211.264,2661.673,6086.991,15959.927,168.936,2582.477,1227.124,3978.537,,,,,22.351,22.351,4000.888,2264.475,5178.637,11443.999,2842.174,7404.995,7925.154,18160.836,33.002,,,,1918.254,1951.256,20112.092,2858.697,6537.566,29508.354,0,544.617,19022.76,19567.376,41.265,19608.642,14.293,32.687,19655.622,14019.485,3198.572,1286.116,18504.172,3552.531,3352.809,80.811,0.055,0.068,9.249,3442.991,135.323,25635.017
1985,38.757,4534.282,1565.59,6138.629,,,1010,1010,7148.629,2708.902,6184.213,16041.743,137.411,2487.744,1082.751,3707.906,,,,,24.374,24.374,3732.28,2351.282,5367.794,11451.355,2759.927,7031.597,7655.298,17433.33,33.024,,,,1917.674,1950.698,19384.028,2855.066,6517.893,28756.987,0,519.383,19472.383,19991.766,49.738,20041.504,14.148,32.299,20087.952,14542.209,3134.505,1090.459,18767.173,4075.563,2937.168,97.421,0.111,0.06,14.447,3049.207,139.655,26031.597
1986,40.467,4405.156,1540.968,5986.591,,,920,920,6906.591,2794.729,6274.19,15975.51,135.475,2367.339,1162.579,3665.393,,,,,27.464,27.464,3692.857,2438.629,5474.741,11606.227,2640.504,6646.262,7811.338,17081.35,33.021,,,,1914.901,1947.923,19029.272,2833.77,6361.836,28224.879,0,499.107,20183.415,20682.522,57.437,20739.96,15.057,33.803,20788.82,14443.716,2670.29,1451.843,18565.849,4380.109,3038.157,107.677,0.147,0.044,12.292,3158.317,122.481,26226.756
1987,37.218,4419.575,1617.027,6073.82,,,850,850,6923.82,2901.6,6438.24,16263.66,124.6,2489.053,1131.051,3744.704,,,,,29.542,29.542,3774.246,2538.756,5633.14,11946.141,2672.911,7282.837,7995.077,17959.455,32.936,,,,1913.881,1946.817,19906.272,2928.291,6497.463,29332.026,0,535.264,20817.466,21352.73,66.071,21418.801,15.567,34.54,21468.909,15173.411,2915.915,1256.859,19346.185,4753.933,2601.572,112.27,0.109,0.037,15.389,2729.377,158.101,26987.596
1988,36.973,4735.083,1675.173,6447.23,,,910,910,7357.23,3046.459,6729.369,17133.058,131.088,2730.88,1099.524,3961.491,,,,,32.537,32.537,3994.027,2675.108,5909.085,12578.22,2827.555,7655.459,8266.877,18789.443,32.635,,,,1989.102,2021.738,20811.18,3058.852,6756.742,30626.774,0,631.715,21567.792,22199.508,67.125,22266.632,15.93,35.189,22317.752,15849.966,2692.62,1563.425,20106.012,5586.968,2301.629,106.338,0.094,0.009,17.285,2425.355,108.399,28226.734
1989,30.63,4903.386,1660.751,6594.767,5,51.654,920,976.654,7571.42,3089.65,7129.142,17790.213,115.227,2787.507,1040.912,3943.645,0.685,2.5,0.162,No Data Reported,98.985,102.332,4045.978,2766.64,6383.821,13196.439,2787.002,8095.397,8051.962,18964.765,28.396,1.8,0.036,No Data Reported,1840.751,1870.983,20835.748,3158.347,7287.656,31281.752,0,649.446,21707.237,22356.683,68.091,22424.774,16.276,37.555,22478.604,16137.221,3172.568,1703.091,21012.88,5602.161,2808.182,152.239,2.614,22.033,231.53,3216.598,37.45,29869.088
1990,31.114,4486.553,1394.634,5912.301,5.5,54.724,580,640.224,6552.526,3152.752,7235.241,16940.519,124.456,2679.597,991.1,3795.153,1.432,2.8,0.184,No Data Reported,93.998,98.414,3893.566,2860.154,6563.759,13317.479,2756.008,8442.861,8198.82,19402.468,30.947,1.9,0.041,No Data Reported,1684.186,1717.074,21119.541,3226.12,7403.614,31749.275,0,679.228,21625.931,22305.16,60.421,22365.58,16.211,37.203,22418.994,16260.952,3308.538,1289.433,20858.923,6104.35,3014.012,160.547,3.818,29.007,316.507,3523.892,7.888,30495.053
1991,25.355,4667.223,1381.345,6073.922,5.9,56.448,610,672.348,6746.27,3259.884,7413.666,17419.82,115.505,2795.401,934.822,3845.728,1.369,3,0.206,No Data Reported,95.367,99.942,3945.67,2918.092,6636.359,13500.121,2600.84,8572.318,7900.238,19083.084,29.675,2.1,0.046,No Data Reported,1651.984,1683.805,20766.889,3229.743,7345.118,31341.75,0,620.324,21374.436,21994.76,70.095,22064.855,16.236,36.924,22118.014,16249.709,3377.359,1198.261,20825.328,6422.132,2984.899,166.626,4.923,30.796,354.351,3541.595,66.965,30856.021
1992,25.589,4804.581,1414.557,6244.727,6.4,58.473,640,704.873,6949.6,3193.423,7212.229,17355.252,116.57,2871.186,893.574,3881.33,1.266,3.2,0.225,No Data Reported,104.942,109.633,3990.963,2900.224,6550.049,13441.235,2514.821,8917.797,8493.896,19961.139,30.508,2.2,0.05,No Data Reported,1704.533,1737.291,21698.43,3318.9,7495.614,32512.944,0,608.106,21674.928,22283.034,79.746,22362.78,16.056,36.262,22415.098,16465.595,3511.502,990.707,20967.804,6479.206,2585.662,166.899,4.133,29.863,402.457,3189.014,86.733,30722.757
1993,25.749,5058.373,1439.497,6523.619,6.8,60.122,550,616.922,7140.541,3394.192,7677.367,18212.1,117.302,2920.416,818.528,3856.247,1.028,3.4,0.246,No Data Reported,109.185,113.859,3970.106,3018.755,6828.16,13817.02,2496.288,9061.663,8325.866,19910.926,29.593,2.4,0.054,No Data Reported,1740.708,1772.755,21683.681,3334.084,7541.408,32559.174,0,644.101,21879.907,22524.008,93.66,22617.668,16.278,36.82,22670.767,17195.927,3537.501,1123.789,21857.217,6410.499,2860.991,173.073,4.767,30.987,414.619,3484.438,94.91,31847.065
1994,20.845,4959.84,1408.077,6388.761,6.2,61.77,520,587.97,6976.732,3440.939,7693.09,18110.761,118.119,2961.981,824.408,3904.508,0.957,4.2,0.275,No Data Reported,106.422,111.854,4016.363,3115.517,6965.525,14097.404,2509.686,9126.046,8712.083,20406.143,62.186,2.8,0.061,No Data Reported,1862.384,1927.431,22333.574,3439.232,7689.273,33462.078,0,708.538,22450.172,23158.71,104.84,23263.55,17.04,38.098,23318.689,17260.875,3977.299,1058.68,22296.853,6693.877,2620.314,160.264,5.02,35.56,433.889,3255.047,152.937,32398.714
1995,17.451,4954.189,1373.597,6345.238,6.6,62.725,520,589.325,6934.563,3557.015,8025.593,18517.171,116.788,3095.989,768.989,3981.766,1.22,4.5,0.314,No Data Reported,112.717,118.751,4100.517,3252.036,7337.477,14690.03,2488.267,9591.825,8523.836,20664.989,54.695,3,0.07,No Data Reported,1934.272,1992.037,22657.026,3455.31,7796.118,33908.453,0,723.952,22920.192,23644.144,112.49,23756.634,16.973,38.296,23811.903,17466.285,4301.971,754.504,22522.76,7075.436,3149.392,137.957,5.123,32.63,421.664,3746.766,133.856,33478.818
1996,16.584,5354.389,1483.339,6854.311,7,63.302,540,610.302,7464.613,3693.53,8344.303,19502.447,121.613,3226.317,789.757,4137.687,1.3,5.3,0.362,No Data Reported,128.84,135.802,4273.489,3343.969,7554.585,15172.043,2434.394,9900.567,8951.558,21309.33,60.773,2.9,0.08,No Data Reported,1969.032,2032.786,23342.116,3526.75,7967.52,34836.386,0,736.886,23547.004,24283.89,80.661,24364.55,16.797,37.946,24419.293,18429.027,3862.449,817.262,23108.739,7086.674,3527.582,148.159,5.389,33.44,438.273,4152.843,137.144,34485.4
1997,15.992,5092.919,1421.966,6530.878,7.5,62.456,430,499.956,7030.834,3670.903,8261.111,18962.848,129.391,3285.32,742.218,4156.929,1.228,5.7,0.401,No Data Reported,131.283,138.612,4295.541,3502.848,7882.915,15681.304,2395.064,9932.936,9188.371,21562.81,58.062,3.1,0.089,No Data Reported,1995.998,2057.249,23620.059,3542.328,7971.761,35134.148,0,780.312,23785.851,24566.164,101.966,24668.13,16.744,37.681,24722.554,18904.538,4125.512,926.706,23956.756,6596.992,3581.168,150.398,5.221,33.581,445.973,4216.34,116.203,34886.291
1998,11.548,4646.087,1303.868,5961.503,7.7,61.772,380,449.472,6410.976,3855.932,8685.563,18952.471,93.436,3082.975,701.218,3877.628,1.228,7.1,0.452,No Data Reported,118.46,127.241,4004.87,3677.989,8284.742,15967.601,2335.259,9763.365,9018.11,21183.828,54.539,3,0.1,No Data Reported,1871.691,1929.33,23113.159,3586.705,8079.124,34778.987,0,666.097,24390.501,25056.598,112.843,25169.441,16.929,38.133,25224.503,19215.682,4674.9,1306.095,25196.677,7067.809,3241.286,150.65,5.124,30.853,444.496,3872.408,88.224,36225.117
1999,13.981,4834.899,1464.736,6313.616,8.5,60.358,390,458.858,6772.474,3906.478,8875.245,19554.197,102.524,3115.031,706.849,3924.404,1.173,6.7,0.528,No Data Reported,120.748,129.149,4053.553,3766.238,8556.631,16376.421,2226.783,9375.303,9283.697,20943.474,48.658,4.1,0.117,No Data Reported,1881.523,1934.398,22877.873,3610.635,8203.112,34691.62,0,675.335,25065.646,25740.981,117.795,25858.777,17.491,39.737,25916.005,19279.487,4902.148,1211.206,25392.841,7610.256,3217.744,151.621,5.063,45.894,453.224,3873.546,98.924,36975.567
2000,11.358,5104.593,1554.054,6670.005,8.6,57.707,420,486.307,7156.311,4068.627,9196.826,20421.765,91.895,3251.526,806.52,4149.942,1.018,7.6,0.597,No Data Reported,119.101,128.316,4278.258,3955.691,8941.541,17175.49,2256.498,9499.793,8998.123,20819.778,42.183,4.4,0.132,No Data Reported,1881.484,1928.199,22747.977,3631.185,8208.02,34587.182,0,671.991,25648.735,26320.725,134.887,26455.612,18.363,41.507,26515.482,20220.171,5293.375,1144.14,26657.687,7862.349,2767.916,143.764,5.033,57.057,452.754,3426.524,115.199,38061.759
2001,11.971,4889.018,1528.841,6429.83,9.45,55.172,370,434.622,6864.452,4099.882,9073.944,20038.277,96.858,3097.262,789.185,3983.306,0.687,8.27,0.732,No Data Reported,91.661,101.35,4084.656,4062.047,8990.207,17136.91,2191.638,8676.342,9110.098,20007.338,32.5,4.76,0.162,No Data Reported,1681.425,1718.847,21726.186,3400.431,7525.905,32652.521,0,658.046,25379.168,26037.214,142.132,26179.346,19.531,43.227,26242.105,19613.673,5458.101,1276.376,26348.149,8028.853,2208.671,141.981,5.608,69.617,337.138,2763.015,75.156,37215.174
2002,12.248,4994.994,1456.734,6463.977,10.204,53.293,380,443.497,6907.474,4316.794,9562.226,20786.494,89.82,3212.456,725.163,4027.439,0.13,8.753,0.854,No Data Reported,94.994,104.731,4132.17,4109.861,9103.845,17345.876,2019.358,8831.57,9095.67,20007.356,38.908,4.787,0.189,No Data Reported,1675.978,1719.862,21727.218,3378.691,7484.214,32590.122,0,698.916,25878.667,26577.583,169.675,26747.258,18.825,41.699,26807.781,19782.781,5766.812,961.185,26510.778,8145.429,2649.979,147.42,5.644,105.334,379.974,3288.351,71.595,38016.154
2003,12.247,5209.428,1546.569,6768.244,13,51.813,400,464.813,7233.057,4353.111,9533.862,21120.03,81.963,3260.916,841.604,4184.483,0.731,11,0.992,No Data Reported,101.284,114.008,4298.49,4090.059,8957.744,17346.293,2041.412,8488.339,9164.38,19744.646,42.752,3.4,0.22,No Data Reported,1678.208,1724.579,21469.225,3454.218,7565.172,32488.614,0,627.446,25949.63,26577.076,229.81,26806.886,23.235,50.887,26881.008,20184.743,5246.249,1204.819,26635.811,7959.622,2749.056,146.045,5.407,113.273,397.169,3410.95,21.905,38028.287
2004,11.434,4980.831,1519.85,6512.115,14,51.13,410,475.13,6987.244,4408.241,9686.569,21082.055,102.904,3200.972,808.938,4112.814,1.051,12,1.216,No Data Reported,105.319,119.587,4232.401,4198.209,9225.05,17655.66,2046.877,8549.832,9753.493,20487.963,32.537,3.8,0.269,No Data Reported,1814.972,1851.578,22339.541,3472.903,7631.278,33443.721,0,601.955,26855.975,27457.93,289.715,27747.645,24.647,54.159,27826.451,20305.035,5594.935,1200.997,27100.967,8222.774,2654.88,148.347,5.761,141.664,388.066,3338.717,38.597,38701.055
2005,8.435,4946.354,1450.481,6405.27,15.9,50.167,430,496.067,6901.337,4637.683,10074.295,21613.315,96.999,3073.216,760.82,3931.035,0.86,13.6,1.821,No Data Reported,105.122,121.404,4052.438,4350.57,9450.608,17853.616,1954.042,7907.344,9566.674,19472.252,31.951,4.3,0.403,No Data Reported,1834.097,1870.751,21343.003,3477.36,7553.763,32374.126,0,623.903,27216.529,27840.432,339.016,28179.448,25.612,55.635,28260.694,20737.241,6014.548,1222.065,27973.854,8160.81,2670.131,146.903,5.502,178.088,405.695,3406.319,84.544,39625.526
2006,6.408,4475.913,1221.853,5704.173,18.3,52.501,380,450.801,6154.975,4611.386,9904.541,20670.902,64.789,2901.687,660.865,3627.342,0.927,14,2.635,No Data Reported,102.666,120.227,3747.569,4434.725,9525.101,17707.395,1914.466,7861.025,9693.044,19529.322,28.756,4.4,0.583,No Data Reported,1891.997,1925.736,21455.058,3450.547,7411.239,32316.844,0,624.975,27517.791,28142.766,474.995,28617.761,25.104,53.919,28696.784,20461.883,6375.139,636.958,27473.98,8214.626,2839.353,144.5,5.036,263.738,412.482,3665.109,62.849,39416.564
2007,7.782,4835.44,1249.169,6092.391,22,55.046,420,497.046,6589.438,4750.326,10179.859,21519.623,70.035,3085.052,645.95,3801.037,0.764,14.4,3.707,No Data Reported,102.723,121.593,3922.63,4559.507,9770.938,18253.076,1864.612,8073.57,9362.626,19326,15.715,4.7,0.821,No Data Reported,1936.731,1957.968,21283.967,3506.963,7515.354,32306.284,0,663.462,27462.039,28125.501,601.922,28727.423,27.885,59.757,28815.065,20807.722,7005.234,647.831,28460.787,8458.589,2429.909,144.674,6.047,340.503,423.447,3344.581,106.632,40370.589
2008,,5010.061,1324.511,6334.572,26.4,58.436,470,554.836,6889.408,4710.818,10068.121,21668.347,80.757,3228.429,660.388,3969.573,0.591,14.8,5.94,No Data Reported,109.247,130.578,4100.151,4558.887,9743.411,18402.449,1793.192,8083.405,8502.369,18419.738,16.514,5,1.315,No Data Reported,2012.295,2035.124,20454.863,3444.469,7361.638,31260.97,0,692.134,25822.78,26514.914,824.576,27339.49,26.113,55.809,27421.412,20512.955,6828.924,459.335,27801.215,8426.491,2494.003,146.233,8.516,545.548,435.274,3629.575,111.986,39969.266
2009,,4883.112,1157.656,6040.768,32.8,59.822,504,596.622,6637.391,4656.555,9788.136,21082.081,73.353,3186.594,658.919,3918.866,0.692,16.7,7.907,0.002,111.771,137.071,4055.938,4458.981,9372.833,17887.752,1392.499,7608.972,7720.104,16697.765,18.235,4.2,1.751,No Data Reported,1948.263,1972.448,18670.213,3130.225,6579.772,28380.21,0,714.872,24860.098,25574.97,934.964,26509.934,26.504,55.713,26592.151,18225.332,7022.39,382.371,25630.093,8355.22,2649.898,146.485,8.697,721.127,441.012,3967.218,116.188,38068.718
2010,,4878.111,1120.442,5998.552,36.8,64.714,540.526,642.04,6640.592,4932.757,10321.499,21894.849,69.654,3164.678,646.569,3880.9,0.785,18.5,12.116,0.157,110.883,142.441,4023.341,4538.64,9496.834,18058.815,1631.376,8277.985,8079.882,17983.072,16.27,4.2,2.69,No Data Reported,2320.313,2343.473,20326.545,3313.807,6933.943,30574.294,0,718.952,25103.293,25822.246,1074.788,26897.034,26.315,55.062,26978.411,19133.455,7527.641,370.325,27031.421,8434.433,2521.486,148.479,11.762,923.271,459.372,4064.369,88.634,39618.856
2011,,4804.579,1033.831,5838.41,39.6,70.795,524.264,634.658,6473.068,4854.597,10054.223,21381.888,61.715,3216.1,632.215,3910.03,0.249,19.7,20.441,0.494,114.601,155.485,4065.515,4531.332,9384.717,17981.564,1560.941,8480.533,8051.981,18104.558,17.477,4.2,4.411,0.047,2374.755,2400.89,20505.448,3382.369,7005.131,30892.948,0,733.548,24626.106,25359.655,1158.586,26518.241,26.177,54.215,26598.633,18035.175,7712.205,295.041,26042.421,8268.698,3085.127,148.811,16.782,1167.094,436.727,4854.541,127.101,39292.761
2012,,4242.094,885.624,5127.718,39.6,78.841,438.095,556.535,5684.253,4689.844,9496.007,19870.105,43.552,2959.511,559.694,3562.757,0.262,19.7,33.299,0.513,108.483,162.257,3725.013,4528.069,9168.445,17421.528,1513.06,8818.611,8062.951,18398.605,22.393,4.2,7.196,0.182,2348.709,2382.68,20781.285,3363.256,6809.928,30954.469,0,779.779,24110.609,24890.388,1159.874,26050.262,24.976,50.571,26125.809,15821.248,9286.793,214.205,25322.246,8061.822,2606.047,148.092,39.625,1339.365,452.644,4585.773,161.256,38131.096
2013,,5022.942,963.178,5986.12,39.6,91.426,571.655,702.68,6688.801,4759.099,9603.888,21051.788,41.428,3379.793,558.141,3979.363,0.419,19.7,41.193,0.58,119.906,181.798,4161.161,4562.113,9206.369,17929.643,1546.397,9140.455,8259.624,18929.054,33.04,4.2,8.665,0.356,2403.024,2449.286,21378.339,3362.021,6784.576,31524.936,0,887.273,24361.819,25249.092,1284.158,26533.249,26.017,52.502,26611.768,16450.559,8376.254,255.163,25081.976,8244.433,2528.923,150.506,83.24,1600.424,469.611,4832.704,197.472,38356.585
2014,,5242.483,1036.261,6278.744,39.6,109.53,578.535,727.665,7006.409,4801.395,9637.902,21445.706,40.204,3571.925,577.695,4189.823,0.365,19.7,52.459,1.013,126.883,200.42,4390.243,4613.564,9260.867,18264.674,1530.475,9441.052,8021.137,18971.104,12.192,4.2,10.992,0.503,2456.307,2484.193,21455.298,3403.73,6832.351,31691.379,0,759.702,24727.265,25486.966,1302.341,26789.307,26.469,53.131,26868.907,16427.4,8361.681,295.469,25084.55,8337.559,2454.019,150.99,164.562,1726.026,530.143,5025.74,181.559,38629.409
2015,,4776.927,1007.152,5784.079,39.6,128.345,512.736,680.681,6464.761,4790.777,9362.118,20617.656,31.119,3315.591,864.289,4210.999,0.325,19.7,56.899,1.103,151.905,229.932,4440.931,4642.884,9073.106,18156.921,1379.759,9425.681,8138.467,18926.125,13.135,4.2,13.722,0.497,2459.801,2491.355,21417.48,3365.964,6577.754,31361.198,0,744.841,25082.255,25827.096,1334.037,27161.133,26.056,50.919,27238.108,14138.25,9926.459,275.965,24340.674,8336.886,2307.717,148.336,227.901,1775.705,524.879,4984.538,227.48,37889.578
2016,,4505.844,878.282,5384.127,39.6,161.652,442.198,643.45,6027.577,4814.53,9334.282,20176.39,23.746,3223.517,831.876,4079.14,2.004,19.7,61.735,1.214,157.67,242.322,4321.462,4664.857,9044.1,18030.418,1205.336,9617.459,8247.251,19050.907,11.717,4.2,19.269,0.653,2466.898,2502.737,21553.644,3332.552,6461.063,31347.259,0,757.182,25510.594,26267.776,1442.687,27710.463,25.579,49.593,27785.635,12996.354,10301.311,243.899,23541.564,8426.753,2458.721,146.104,327.712,2093.728,505.069,5531.334,226.906,37726.556
2017,,4563.472,871.493,5434.965,39.6,193.574,425.185,658.358,6093.324,4703.946,9085.322,19882.592,20.657,3272.852,819.512,4113.021,2.208,19.7,75.6,1.329,156.386,255.223,4368.244,4616.053,8915.563,17899.859,1194.811,9864.347,8432.515,19463.076,12.736,4.2,22.168,0.778,2449.718,2489.599,21952.675,3358.425,6486.548,31797.647,0,798.564,25701.915,26500.479,1438.511,27938.989,25.667,49.574,28014.231,12622.233,9555.207,217.721,22395.161,8418.968,2752.024,146.733,485.742,2340.784,509.541,6234.824,192.144,37241.097
2018,,5174.39,1022.352,6196.742,39.6,221.244,517.339,778.183,6974.925,5012.546,9515.018,21502.489,18.721,3638.293,844.742,4501.756,2.069,20.004,93.985,1.585,156.474,274.119,4775.874,4714.548,8949.346,18439.768,1179.517,10473.76,8751.954,20379.576,10.461,4.2,24.429,0.882,2446.461,2486.434,22866.01,3414.295,6481.153,32761.458,0,962.172,26012.422,26974.594,1414.74,28389.334,26.152,49.643,28465.13,12052.957,10912.137,260.35,23225.444,8438.068,2650.608,145.06,575.854,2479.897,496.085,6347.504,151.684,38162.7
2019,,5204.854,1006.91,6211.764,39.6,252.449,528.799,820.848,7032.611,4914.266,9065.712,21012.589,16.716,3645.146,835.539,4497.402,1.676,23.633,103.183,1.592,149.022,279.107,4776.509,4643.311,8565.861,17985.681,1117.248,10659.634,8923.578,20679.338,9.202,4.2,27.839,0.887,2387.195,2429.323,23108.661,3420.028,6309.18,32837.869,0,1035.231,25911.767,26946.999,1410.654,28357.653,26.041,48.04,28431.734,10181.184,11645.367,188.586,22015.137,8451.852,2552.35,133.836,634.541,2623.366,448.137,6392.23,133.22,36992.438